season,team_code,overall_winpct,last10_winpct,sos_proxy,conference_proxy,end_elo,league,o_ppp,pace,winpct,selection_prob,pred_selected,team_name
2026,CONN,1.0,1.0,0.5479848011239212,BIGEAST,2506,WBB,1.1768087589236682,72.84,1.0312,1.0,1,Connecticut Huskies
2026,SC,0.9333333333333333,0.9,0.6076147790055836,SEC,2435,WBB,1.183398910671638,75.09806451612903,0.9677,1.0,1,South Carolina Gamecocks
2026,UCLA,0.9615384615384616,1.0,0.6267786403595422,BIG10,2348,WBB,1.208368026644463,68.62857142857142,0.9286,1.0,1,UCLA Bruins
2026,TEX,0.9,0.9,0.6350619087170811,SEC,2305,WBB,1.149008020261714,76.41935483870968,0.9355,1.0,1,Texas Longhorns
2026,LSU,0.8275862068965517,0.7,0.5641091172963167,SEC,2209,WBB,1.186083997492612,79.76428571428572,0.8571,1.0,1,LSU Tigers
2026,IOWA,0.8275862068965517,0.7,0.6392165242165242,BIG10,2118,WBB,1.07267213298888,71.224,0.8333,1.0,1,Iowa Hawkeyes
2026,DUKE,0.7037037037037037,0.8,0.6555688207540059,ACC,2112,WBB,1.0190802531550762,68.91096774193548,0.6774,1.0,1,Duke Blue Devils
2026,UL,0.8,0.7,0.5790901014694118,ACC,2091,WBB,1.112885048835462,70.98666666666666,0.7667,1.0,1,Louisville Cardinals
2026,TCU,0.8275862068965517,0.6,0.5811416526895411,BIG12,2084,WBB,1.094786555671941,72.556,0.8667,1.0,1,TCU Lady Frogs
2026,MICH,0.8076923076923077,0.7,0.6162948766529669,BIG10,2081,WBB,1.0926931748309079,80.75586206896551,0.8621,1.0,1,Michigan Wolverines
2026,OSU,0.7931034482758621,0.6,0.579855708434781,BIG10,2081,WBB,1.0679811049496817,75.39096774193548,0.8065,1.0,1,Ohio State Buckeyes
2026,OU,0.75,0.7,0.5876228519407449,SEC,2065,WBB,1.0497413244873757,77.57466666666666,0.8,1.0,1,Oklahoma Sooners
2026,UNC,0.8,0.9,0.5551205750401152,ACC,2058,WBB,1.0452853045445638,66.03882352941177,0.8235,1.0,1,North Carolina Tar Heels
2026,VAND,0.896551724137931,0.7,0.603792285795853,SEC,2047,WBB,1.1399441440796305,69.8225,0.9062,1.0,1,Vanderbilt Commodores
2026,USC,0.5925925925925926,0.6,0.6217747842715915,BIG10,2043,WBB,0.9641510199115941,73.06370370370371,0.6296,1.0,1,Southern California Trojans
2026,NCSU,0.6666666666666666,0.6,0.6014706073454477,ACC,2006,WBB,1.037812814237198,75.2957142857143,0.6786,1.0,1,North Carolina State Wolfpack
2026,UMD,0.75,0.5,0.578961582569957,BIG10,1989,WBB,1.0915723505752504,71.27333333333333,0.8,1.0,1,Maryland Terrapins
2026,ND,0.6551724137931034,0.6,0.5788764611000045,ACC,1982,WBB,1.0630231129540042,74.41714285714286,0.6786,1.0,1,Notre Dame Fightin` Irish
2026,WV,0.7931034482758621,0.8,0.5936546263499584,BIG12,1980,WBB,1.049462215879425,71.8225,0.8125,1.0,1,West Virginia Mountaineers
2026,BAY,0.8,0.7,0.6014396232175246,BIG12,1978,WBB,0.9924618690337808,70.9725,0.8438,1.0,1,Baylor Lady Bears
2026,MISS,0.6666666666666666,0.4,0.6192819764931371,UNKNOWN,1932,WBB,1.036507647487254,61.022222222222226,0.6667,1.0,1,Mississippi Rebels
2026,MSU,0.7857142857142857,0.5,0.5492798122785808,BIG10,1928,WBB,1.12102641956566,67.51625,0.7812,1.0,1,Michigan State Spartans
2026,MINN,0.75,0.9,0.5680225368956896,BIG10,1926,WBB,1.0856435643564357,69.65517241379311,0.7586,1.0,1,Minnesota Golden Gophers
2026,UK,0.6896551724137931,0.3,0.5980695162502534,SEC,1914,WBB,1.0716437051862504,66.40387096774194,0.7097,1.0,1,Kentucky Wildcats
2026,TENN,0.5769230769230769,0.2,0.6672755184691523,SEC,1909,WBB,1.0049118363744507,74.4557142857143,0.5714,1.0,1,Tennessee Lady Volunteers
2026,NOVA,0.8214285714285714,0.8,0.5499472077366165,BIGEAST,1890,WBB,1.003953095007317,70.156,0.8,1.0,1,Villanova Wildcats
2026,ALA,0.7,0.4,0.6455748508622072,SEC,1883,WBB,1.0209257454299525,67.03066666666668,0.7333,1.0,1,Alabama Crimson Tide
2026,PRIN,0.875,0.8,0.5573054818744474,UNKNOWN,1878,WBB,1.0563544954986555,68.42399999999999,0.88,1.0,1,Princeton Tigers
2026,OKSU,0.7419354838709677,0.7,0.5487521742529159,BIG12,1876,WBB,1.1177644710578842,73.48,0.7333,1.0,1,Oklahoma State Cowboys
2026,VT,0.7142857142857143,0.7,0.532948011211558,ACC,1856,WBB,0.9763581221290104,75.17733333333334,0.7333,1.0,1,Virginia Tech Hokies
2026,ILL,0.7037037037037037,0.5,0.5483051681774542,BIG10,1854,WBB,1.0762652769112195,75.16413793103449,0.6552,1.0,1,Illinois Fighting Illini
2026,ISU,0.7333333333333333,0.7,0.5513800931075681,BIG12,1847,WBB,1.1184604445775015,64.78060606060606,0.7576,1.0,1,Iowa State Cyclones
2026,SDST,0.7857142857142857,0.8,0.5357179802301884,UNKNOWN,1845,WBB,1.0834626974705508,68.44375,0.8438,1.0,1,South Dakota State Jackrabbits
2026,RICH,0.8,0.8,0.574729213740708,A-10,1832,WBB,1.0789359165988686,70.47066666666666,0.8333,1.0,1,Richmond Spiders
2026,WASH,0.6551724137931034,0.4,0.5767503348229949,BIG10,1820,WBB,1.0298382485091087,69.94857142857143,0.6786,1.0,1,Washington Huskies
2026,COLU,0.76,0.9,0.5589373605016784,UNKNOWN,1819,WBB,0.9912036043767432,74.57600000000001,0.8,1.0,1,Columbia Lions
2026,NEB,0.6538461538461539,0.3,0.5876290366369366,BIG10,1802,WBB,1.0972398322442212,66.14838709677419,0.6774,1.0,1,Nebraska Cornhuskers
2026,TXT,0.8,0.5,0.5473448013281161,BIG12,1796,WBB,1.0090953358144066,71.8775,0.8125,1.0,1,Texas Tech Lady Raiders
2026,SYR,0.7777777777777778,0.7,0.5169384031133711,ACC,1789,WBB,0.9957461419605897,72.30758620689656,0.7241,1.0,1,Syracuse Orange
2026,ORE,0.6333333333333333,0.5,0.5804426782860227,BIG10,1788,WBB,1.0068101189096679,72.37806451612903,0.6774,1.0,1,Oregon Ducks
2026,UGA,0.75,0.6,0.5437989956586016,UNKNOWN,1774,WBB,1.0018953545588745,70.80129032258066,0.7097,1.0,1,Georgia Bulldogs
2026,IND,0.56,0.3,0.5720536173915484,BIG10,1761,WBB,1.0212874292540588,68.084,0.6,1.0,1,Indiana Hoosiers
2026,COLO,0.6785714285714286,0.7,0.612512790779913,BIG12,1760,WBB,0.950377976986888,77.15096774193547,0.6774,1.0,1,Colorado Buffaloes
2026,CLEM,0.6551724137931034,0.6,0.5194551808344912,ACC,1756,WBB,1.0296119809394146,57.08114285714286,0.6571,1.0,1,Clemson Lady Tigers
2026,CAL,0.5172413793103449,0.5,0.5386356630114062,ACC,1754,WBB,0.9714955308480487,66.72000000000001,0.5152,1.0,1,California Golden Bears
2026,CREI,0.5,0.7,0.5517233108981877,BIGEAST,1744,WBB,0.9614484450186298,71.212,0.5333,1.0,1,Creighton Bluejays
2026,GMU,0.7142857142857143,0.8,0.5699991278562707,A-10,1743,WBB,0.9629298198850005,70.02933333333334,0.7333,1.0,1,George Mason Patriots
2026,UVA,0.7037037037037037,0.6,0.5606431386124873,ACC,1741,WBB,1.0586475394116068,71.91999999999999,0.6552,1.0,1,Virginia Cavaliers
2026,MSST,0.5925925925925926,0.2,0.5731875463356945,UNKNOWN,1734,WBB,1.0237000418022209,75.89103448275863,0.6207,1.0,1,Mississippi State Lady Bulldogs
2026,UTAH,0.6428571428571429,0.5,0.5839412996021162,BIG12,1730,WBB,0.9518778406825612,64.72774193548386,0.6452,1.0,1,Utah Utes
2026,GONZ,0.7,0.7,0.5505468567854793,UNKNOWN,1729,WBB,1.0334845749784523,74.53454545454545,0.7273,1.0,1,Gonzaga Bulldogs
2026,MURR,0.896551724137931,0.9,0.4674292336489016,UNKNOWN,1729,WBB,1.0846681922196797,78.03571428571429,0.8214,1.0,1,Murray State Racers
2026,KU,0.5862068965517241,0.6,0.5953217850605821,BIG12,1723,WBB,1.0251189243272656,75.95866666666667,0.6667,1.0,1,Kansas Jayhawks
2026,KSU,0.5172413793103449,0.5,0.6257879860100719,BIG12,1722,WBB,0.9592690602202832,72.16516129032257,0.4839,1.0,1,Kansas State Wildcats
2026,SETON,0.6071428571428571,0.4,0.5427950427149935,BIGEAST,1717,WBB,0.970565846231921,70.66620689655171,0.6207,1.0,1,Seton Hall Pirates
2026,RICE,0.8888888888888888,1.0,0.48780728694577324,AMER,1712,WBB,0.9934878976893806,70.32,0.8621,1.0,1,Rice Owls
2026,STAN,0.6333333333333333,0.4,0.5410412052825845,ACC,1708,WBB,0.9785706555070529,71.53290322580645,0.5806,1.0,1,Stanford Cardinal
2026,FAIR,0.8518518518518519,0.9,0.4630777469538645,MAAC,1704,WBB,1.0950127929171913,70.35142857142857,0.8571,1.0,1,Fairfield Stags
2026,FLA,0.5862068965517241,0.5,0.5853349695620801,UNKNOWN,1701,WBB,0.9785677618069815,72.72533333333334,0.5333,1.0,1,Florida Gators
2026,BYU,0.6666666666666666,0.4,0.5424768872210474,BIG12,1694,WBB,0.9455363947326445,77.8248275862069,0.6552,1.0,1,BYU Cougars
2026,BSU,0.8,0.9,0.49384938178041626,MAC,1692,WBB,1.0347751620378145,76.84387096774194,0.8387,1.0,1,Ball State Cardinals
2026,MARQ,0.5714285714285714,0.5,0.5608751756261335,BIGEAST,1686,WBB,0.9896960432011753,64.99225806451612,0.6774,1.0,1,Marquette Golden Eagles
2026,URI,0.8620689655172413,0.8,0.5302475484741495,A-10,1675,WBB,1.0415043085212976,66.53481481481482,0.8889,1.0,1,Rhode Island Rams
2026,JMU,0.7666666666666667,0.9,0.5473824724829545,UNKNOWN,1674,WBB,1.0003698224852071,69.78064516129032,0.7419,1.0,1,James Madison Dukes
2026,SDSU,0.84,0.9,0.5091123473163703,MWC,1667,WBB,1.0159128234719694,66.75259259259259,0.8519,1.0,1,San Diego State Aztecs
2026,GT,0.4444444444444444,0.5,0.6038225865237359,ACC,1661,WBB,0.8747312543998172,72.49517241379311,0.4138,1.0,1,Georgia Tech Yellow Jackets
2026,MIA,0.5517241379310345,0.5,0.5368717779492204,ACC,1657,WBB,0.9817823732151649,65.51612903225806,0.5484,1.0,1,Miami (Fla.) Hurricanes
2026,TAMU,0.5909090909090909,0.6,0.5940373547270099,SEC,1651,WBB,0.8892082453855481,63.620000000000005,0.5714,1.0,1,Texas A&amp;M Aggies
2026,USF,0.64,0.8,0.6209024858754993,UNKNOWN,1650,WBB,0.9741799018982149,70.7625806451613,0.6774,0.0,0,South Florida Bulls
2026,STJN,0.7241379310344828,0.7,0.495458119383362,BIGEAST,1646,WBB,0.9387302906206104,61.26909090909091,0.7273,0.0,0,Saint John`s Red Storm
2026,ASU,0.7096774193548387,0.5,0.5736949621164434,BIG12,1641,WBB,0.9099816733501479,73.48133333333334,0.7,0.0,0,Arizona State Sun Devils
2026,HARV,0.6153846153846154,0.7,0.5533888174725449,UNKNOWN,1641,WBB,0.9408303043790025,64.7088,0.6,0.0,0,Harvard Crimson
2026,TROY,0.8214285714285714,0.8,0.4991630006364485,UNKNOWN,1624,WBB,1.020169051803498,82.40689655172415,0.8966,0.0,0,Troy Trojans
2026,ORST,0.7,0.6,0.5311514428271142,UNKNOWN,1616,WBB,0.9786287593076106,71.31724137931033,0.6897,0.0,0,Oregon State Beavers
2026,BELM,0.6071428571428571,0.6,0.5459883164557613,UNKNOWN,1615,WBB,0.9491045229181423,65.88666666666667,0.5333,0.0,0,Belmont Bruins
2026,COST,0.7586206896551724,0.7,0.49289953706209866,MWC,1610,WBB,1.0129969418960245,69.13714285714285,0.7857,0.0,0,Colorado State Rams
2026,NDSU,0.8695652173913043,0.9,0.4678195337472842,UNKNOWN,1607,WBB,1.1169863447994746,67.93692307692308,0.8077,0.0,0,North Dakota State Bison
2026,MIO,0.8148148148148148,0.9,0.479594599525634,MAC,1601,WBB,1.0086645319269165,68.50322580645161,0.8387,0.0,0,Miami (Ohio) Redhawks
2026,MTST,0.7777777777777778,0.8,0.5372934531513242,BIGSKY,1599,WBB,0.9593823491878294,81.2637037037037,0.7778,0.0,0,Montana State Bobcats
2026,AUB,0.4827586206896552,0.1,0.5771767240554398,SEC,1590,WBB,0.8483648489901096,68.10064516129032,0.4839,0.0,0,Auburn Tigers
2026,GB,0.7407407407407407,0.8,0.505105366683616,HL,1590,WBB,0.9669323885444345,70.07586206896552,0.7241,0.0,0,Green Bay Phoenix
2026,UNLV,0.6428571428571429,0.6,0.5109889534281716,MWC,1569,WBB,0.9841494937890428,76.83862068965517,0.6897,0.0,0,UNLV Runnin Rebels
2026,FSU,0.3333333333333333,0.4,0.5959245692579026,ACC,1559,WBB,0.9009770445248317,78.87733333333334,0.3333,0.0,0,Florida State Seminoles
2026,STJS,0.6923076923076923,0.6,0.5563268856515983,A-10,1555,WBB,0.9815745733165767,68.04689655172415,0.6552,0.0,0,Saint Joseph`s Hawks
2026,DAV,0.5769230769230769,0.4,0.5624523771738625,UNKNOWN,1547,WBB,0.9357344632768362,70.31172413793104,0.6207,0.0,0,Davidson Wildcats
2026,SCL,0.75,0.7,0.49406307953983153,UNKNOWN,1542,WBB,1.0353791427237755,80.16387096774193,0.7742,0.0,0,Santa Clara Broncos
2026,QUIN,0.8076923076923077,0.9,0.4096911061234669,MAAC,1533,WBB,1.0496139872842871,62.91428571428571,0.8214,0.0,0,Quinnipiac Bobcats
2026,MIZZ,0.5172413793103449,0.2,0.5776295928495689,UNKNOWN,1530,WBB,0.9867118009290936,74.05066666666667,0.5,0.0,0,Missouri Tigers
2026,LTU,0.8076923076923077,1.0,0.5285639552018863,C-USA,1529,WBB,1.0293661462103194,71.63703703703703,0.7778,0.0,0,Louisiana Tech Lady Techsters
2026,WISC,0.48148148148148145,0.2,0.600636022602817,BIG10,1529,WBB,0.9633585048516607,66.91866666666667,0.4333,0.0,0,Wisconsin Badgers
2026,UNT,0.5833333333333334,0.7,0.5219879284395413,AMER,1525,WBB,0.9545008677280615,70.68266666666666,0.6,0.0,0,North Texas Mean Green
2026,PUR,0.42857142857142855,0.2,0.6127070063215383,BIG10,1516,WBB,0.9644190913940985,69.62,0.4286,0.0,0,Purdue Boilermakers
2026,PORT,0.5555555555555556,0.6,0.5106052460949012,UNKNOWN,1511,WBB,0.9314854038125057,74.8896551724138,0.5517,0.0,0,Portland Pilots
2026,CINC,0.36666666666666664,0.4,0.6216835076725375,BIG12,1509,WBB,0.9487734487734488,73.92,0.3333,0.0,0,Cincinnati Bearcats
2026,ID,0.8275862068965517,1.0,0.4282459426009873,BIGSKY,1508,WBB,1.008959326974033,75.48,0.875,0.0,0,Idaho Vandals
2026,PSU,0.4,0.3,0.6115269308864414,BIG10,1508,WBB,0.9557223472135138,74.79448275862069,0.3448,0.0,0,Penn State Lady Lions
2026,ARIZ,0.42857142857142855,0.2,0.5795264055823407,BIG12,1499,WBB,0.9082386030704325,82.38758620689654,0.4138,0.0,0,Arizona Wildcats
2026,ARST,0.7333333333333333,0.6,0.5046961844449475,UNKNOWN,1498,WBB,0.9389806056035542,76.24625,0.75,0.0,0,Arkansas State Red Wolves
2026,MASS,0.76,0.7,0.5173402549660614,MAC,1497,WBB,0.9757723687481636,68.0723076923077,0.7692,0.0,0,Massachusetts Minutemen
2026,GASO,0.7777777777777778,0.8,0.5432010524549242,UNKNOWN,1496,WBB,1.0107788002726652,69.54666666666667,0.7778,0.0,0,Georgia Southern Eagles
2026,ECU,0.6785714285714286,0.7,0.4775515966633081,AMER,1487,WBB,0.9359549830861307,79.33935483870968,0.7419,0.0,0,East Carolina Pirates
2026,UCI,0.88,0.9,0.42269873829873833,BIGWEST,1485,WBB,1.027561932605016,71.71310344827587,0.8621,0.0,0,UC Irvine Anteaters
2026,LMU,0.6923076923076923,0.9,0.4728096725751898,UNKNOWN,1475,WBB,0.9884356930770434,79.43586206896552,0.7931,0.0,0,Loyola Marymount Lions
2026,GU,0.46153846153846156,0.3,0.5684062371462901,BIGEAST,1465,WBB,0.9081053075948882,71.88137931034483,0.4483,0.0,0,Georgetown Hoyas
2026,MRSH,0.7333333333333333,0.7,0.5216701900044504,UNKNOWN,1465,WBB,1.0087687047317915,70.19096774193548,0.7097,0.0,0,Marshall Thundering Herd
2026,COFC,0.8461538461538461,0.9,0.482308353098583,UNKNOWN,1464,WBB,1.0466644758462045,65.20714285714286,0.8214,0.0,0,College of Charleston Cougars
2026,GCU,0.39285714285714285,0.5,0.5736304035318813,UNKNOWN,1463,WBB,0.8942350088183423,72.576,0.4333,0.0,0,Grand Canyon Antelopes
2026,BOIS,0.7666666666666667,0.8,0.47205049805525434,MWC,1460,WBB,0.9702491249742639,70.64727272727274,0.8182,0.0,0,Boise State Broncos
2026,LIB,0.5769230769230769,0.7,0.5596403133903134,C-USA,1460,WBB,0.9458927477910943,67.73925925925926,0.5556,0.0,0,Liberty Lady Flames
2026,MOST,0.6428571428571429,0.6,0.496200701323854,C-USA,1460,WBB,0.905301735596825,70.216,0.6333,0.0,0,Missouri State Lady Bears
2026,NM,0.7307692307692307,0.7,0.4467074800629177,UNKNOWN,1453,WBB,0.9464038475551994,73.18933333333332,0.7333,0.0,0,New Mexico Lobos
2026,UNI,0.5357142857142857,0.5,0.5138923877063736,MVC,1450,WBB,0.9344895879400851,74.29571428571428,0.5357,0.0,0,Northern Iowa Panthers
2026,TULS,0.6296296296296297,0.6,0.45660657286655215,AMER,1449,WBB,0.9085827392188845,72.75066666666666,0.5333,0.0,0,Tulsa Golden Hurricane
2026,FGCU,0.5,0.5,0.5776646363427972,UNKNOWN,1447,WBB,0.9098669553811238,66.24689655172413,0.4828,0.0,0,Florida Gulf Coast Eagles
2026,MTSU,0.5357142857142857,0.5,0.4935546097307181,UNKNOWN,1437,WBB,0.9050127215105119,59.74133333333334,0.5667,0.0,0,Middle Tennessee Blue Raiders
2026,UTSA,0.4444444444444444,0.3,0.5085353923019705,AMER,1436,WBB,0.8632362897765741,70.44153846153846,0.4615,0.0,0,Texas-San Antonio Roadrunners
2026,TEMP,0.5,0.6,0.5571275838318278,AMER,1434,WBB,0.92112785143932,72.30266666666667,0.5,0.0,0,Temple Owls
2026,CLST,0.7407407407407407,0.8,0.43654487249659657,HL,1429,WBB,0.9876958120950726,71.412,0.7,0.0,0,Cleveland State Vikings
2026,PROV,0.4666666666666667,0.4,0.5353406967659841,BIGEAST,1420,WBB,0.8396687233729985,72.60799999999999,0.4333,0.0,0,Providence Friars
2026,WF,0.5,0.2,0.481475827584202,ACC,1420,WBB,0.9315015102796453,66.21290322580644,0.4839,0.0,0,Wake Forest Demon Deacons
2026,TOL,0.5,0.5,0.49074196454886115,MAC,1418,WBB,0.9172115104318495,71.14962962962963,0.5185,0.0,0,Toledo Rockets
2026,LIND,0.7777777777777778,0.9,0.4737065953948138,OVC,1407,WBB,1.0790421099470087,65.92266666666667,0.7333,0.0,0,Lindenwood (Mo.) Lions
2026,PENN,0.6153846153846154,0.6,0.5418646374818289,IVY,1400,WBB,0.9603559689645149,66.2562962962963,0.6667,0.0,0,Penn Quakers
2026,UCD,0.7037037037037037,0.7,0.5191119138843276,BIGWEST,1394,WBB,0.9535601426644245,72.15066666666667,0.7,0.0,0,UC Davis Aggies
2026,NORF,0.5769230769230769,0.9,0.42866112176457,UNKNOWN,1392,WBB,0.849004205347933,67.216,0.5,0.0,0,Norfolk State Spartans
2026,KENT,0.5,0.7,0.525464834229202,MAC,1389,WBB,0.9443628009024486,66.63862068965517,0.4828,0.0,0,Kent State Golden Flashes
2026,ILST,0.5925925925925926,0.7,0.4791673281073026,MVC,1388,WBB,0.9976929615088842,73.20592592592592,0.5926,0.0,0,Illinois State Redbirds
2026,ARK,0.42857142857142855,0.1,0.5811865617961677,UNKNOWN,1384,WBB,0.9046351704301252,75.6175,0.4062,0.0,0,Arkansas Razorbacks
2026,BRWN,0.6956521739130435,0.7,0.48616972427317257,UNKNOWN,1383,WBB,0.8843790727983616,71.61333333333333,0.625,0.0,0,Brown Bears
2026,FDU,0.8571428571428571,1.0,0.38797097881978515,NEC,1382,WBB,1.0479139859987352,65.50428571428571,0.8571,0.0,0,Fairleigh Dickinson Knights
2026,UCA,0.6538461538461539,0.8,0.49551399005422,UNKNOWN,1381,WBB,0.9709855695425238,71.87862068965518,0.6552,0.0,0,Central Arkansas Bears
2026,USCD,0.72,0.8,0.4227357912415384,BIGWEST,1379,WBB,0.9681133128663132,81.89714285714285,0.7857,0.0,0,UC San Diego Tritons
2026,IDST,0.6923076923076923,0.8,0.48898688335929713,BIGSKY,1375,WBB,0.921531786309224,73.75142857142858,0.7143,0.0,0,Idaho State Bengals
2026,HAW,0.6,0.9,0.5354195804195805,BIGWEST,1374,WBB,0.9074066889113059,73.64,0.7143,0.0,0,Hawaii Warriors
2026,BUTL,0.3793103448275862,0.3,0.5477244612084089,BIGEAST,1372,WBB,0.8936409786633077,63.512727272727275,0.4848,0.0,0,Butler Bulldogs
2026,SFA,0.6923076923076923,0.7,0.45580570291777184,UNKNOWN,1372,WBB,0.9980663766231602,72.71636363636364,0.7576,0.0,0,Stephen F. Austin Ladyjacks
2026,HOW,0.7307692307692307,0.9,0.4333472623972752,UNKNOWN,1371,WBB,0.9281813164855658,72.48137931034483,0.7931,0.0,0,Howard Lady Bison
2026,PFW,0.5862068965517241,0.6,0.47849032171076505,HL,1368,WBB,0.9535796187473125,74.42133333333335,0.5667,0.0,0,Fort Wayne Mastodons
2026,ARMY,0.7857142857142857,0.7,0.46203198721717237,PL,1366,WBB,0.9993475424097433,65.68571428571428,0.8571,0.0,0,Army Black Knights
2026,UD,0.5555555555555556,0.6,0.48233909579375733,A-10,1363,WBB,0.9300214901208036,71.00592592592592,0.5556,0.0,0,Dayton Flyers
2026,ACU,0.6923076923076923,0.7,0.5096678762864149,UNKNOWN,1362,WBB,0.9982729498396309,70.25466666666668,0.7333,0.0,0,Abilene Christian Wildcats
2026,BGSU,0.5555555555555556,0.5,0.5277870832593471,MAC,1362,WBB,0.9160111408031917,78.72296296296297,0.5926,0.0,0,Bowling Green Falcons
2026,DREX,0.6923076923076923,0.9,0.47007826571044964,UNKNOWN,1360,WBB,0.9685698214034594,65.64,0.6923,0.0,0,Drexel Dragons
2026,NAVY,0.7307692307692307,0.9,0.4835366763504695,PL,1358,WBB,0.9790786354735649,74.63846153846154,0.7692,0.0,0,Navy Midshipmen
2026,YSU,0.7142857142857143,0.7,0.478727195292182,HL,1357,WBB,0.9649866015132409,63.44,0.7188,0.0,0,Youngstown State Penguins
2026,EKU,0.8,0.8,0.4579102383659034,A-SUN,1356,WBB,0.9939427843901311,71.50206896551724,0.7931,0.0,0,Eastern Kentucky Lady Colonels
2026,WIU,0.8846153846153846,0.9,0.4450586123299766,OVC,1353,WBB,1.0659940628178781,71.36444444444444,0.8148,0.0,0,Western Illinois Leathernecks
2026,UCF,0.39285714285714285,0.1,0.5516667364349312,BIG12,1351,WBB,0.888208422270542,62.66125,0.4062,0.0,0,UCF Knights
2026,NOCO,0.6666666666666666,0.6,0.4974370611295899,BIGSKY,1349,WBB,0.9695304596219079,72.01571428571428,0.7143,0.0,0,Northern Colorado Bears
2026,ODU,0.5806451612903226,0.6,0.5509093371507165,UNKNOWN,1346,WBB,0.9054145939949182,72.11096774193548,0.5484,0.0,0,Old Dominion Lady Monarchs
2026,HC,0.6785714285714286,0.9,0.4849614151907449,PL,1343,WBB,0.8757841636665445,66.26714285714286,0.6786,0.0,0,Holy Cross Crusaders
2026,NW,0.2916666666666667,0.1,0.60111144443041,BIG10,1341,WBB,0.9176633409762244,69.15857142857143,0.2857,0.0,0,Northwestern Wildcats
2026,LAS,0.5714285714285714,0.6,0.5074442141747378,A-10,1336,WBB,0.8841370943281771,73.26666666666667,0.5556,0.0,0,La Salle Explorers
2026,SDAK,0.8076923076923077,0.9,0.44064823536631115,UNKNOWN,1335,WBB,1.0055465594580006,69.32516129032258,0.8065,0.0,0,South Dakota Coyotes
2026,SF,0.5714285714285714,0.5,0.5347095535737236,WCC,1335,WBB,0.8844922654063385,79.556,0.5667,0.0,0,San Francisco Dons
2026,PEPP,0.6551724137931034,0.8,0.4938975307263385,UNKNOWN,1334,WBB,0.9773159816881848,77.764,0.7,0.0,0,Pepperdine Waves
2026,JAX,0.68,0.8,0.4738597702318967,A-SUN,1332,WBB,0.9297716583219542,78.11555555555555,0.6667,0.0,0,Jacksonville Dolphins
2026,CMU,0.6153846153846154,0.6,0.4810941293699914,MAC,1330,WBB,0.9600100393206726,70.83259259259259,0.6296,0.0,0,Central Michigan Chippewas
2026,FIU,0.6153846153846154,0.6,0.501345868945869,C-USA,1315,WBB,0.9081665204561767,74.30518518518518,0.5926,0.0,0,Florida International Golden Panthers
2026,CBU,0.6428571428571429,0.7,0.5013629873969346,UNKNOWN,1312,WBB,0.9368370384896512,80.13285714285713,0.6786,0.0,0,California Baptist Lancers
2026,UCSB,0.7037037037037037,0.5,0.4677510918157902,BIGWEST,1307,WBB,0.9562622661913726,71.33428571428571,0.75,0.0,0,UC Santa Barbara Gauchos
2026,BRAD,0.6551724137931034,0.7,0.4603660547626065,UNKNOWN,1306,WBB,0.9575896767161681,73.39857142857143,0.6786,0.0,0,Bradley Braves
2026,DRKE,0.3333333333333333,0.4,0.5177881970921562,UNKNOWN,1306,WBB,0.9717396555247951,69.44645161290323,0.4194,0.0,0,Drake Bulldogs
2026,LEH,0.52,0.5,0.5125884783493478,PL,1306,WBB,0.96249491341502,68.05230769230769,0.5385,0.0,0,Lehigh Mountain Hawks
2026,TUL,0.4074074074074074,0.4,0.5238755121602586,AMER,1306,WBB,0.8910102598047328,69.06285714285714,0.4286,0.0,0,Tulane Green Wave
2026,ORU,0.48,0.4,0.5233817647659115,UNKNOWN,1305,WBB,0.9784453496266122,73.65,0.5625,0.0,0,Oral Roberts Golden Eagles
2026,RUTG,0.3333333333333333,0.0,0.613648680679332,BIG10,1304,WBB,0.8425299632134805,72.23142857142857,0.3214,0.0,0,Rutgers Scarlet Knights
2026,LAM,0.6785714285714286,0.7,0.4524035382028608,UNKNOWN,1295,WBB,0.9001961259613477,69.81384615384616,0.6923,0.0,0,Lamar Lady Cardinals
2026,MON,0.6428571428571429,0.5,0.47826071042622764,UNKNOWN,1292,WBB,0.9216846037534465,64.24571428571429,0.6786,0.0,0,Monmouth Hawks
2026,SIND,0.6666666666666666,0.5,0.533049535341202,OVC,1292,WBB,0.9626027830487033,72.27428571428571,0.6786,0.0,0,Southern Indiana Screaming Eagles
2026,STET,0.6923076923076923,0.8,0.4827990517358334,UNKNOWN,1288,WBB,0.9986628781547718,68.37714285714286,0.6429,0.0,0,Stetson Hatters
2026,MCN,0.8518518518518519,1.0,0.4739211165774787,SLC,1285,WBB,0.9756551737656076,60.019999999999996,0.8529,0.0,0,McNeese State Cowgirls
2026,CAMP,0.6206896551724138,0.7,0.5022949055477236,UNKNOWN,1283,WBB,0.908598824621095,62.43034482758621,0.6207,0.0,0,Campbell Fightin Camels
2026,GWU,0.4827586206896552,0.4,0.529246201838031,A-10,1282,WBB,0.9165902841429882,62.15393939393939,0.4545,0.0,0,George Washington Revolutionaries
2026,DEP,0.23333333333333334,0.3,0.5557569739753648,BIGEAST,1281,WBB,0.8500980715488361,74.3367741935484,0.2581,0.0,0,DePaul Blue Demons
2026,SMC,0.5,0.4,0.514965165209418,UNKNOWN,1273,WBB,0.8856474203229956,69.97,0.4688,0.0,0,Saint Mary`s Gaels
2026,HPU,0.8518518518518519,0.8,0.42130472284207915,BIGSOUTH,1272,WBB,1.0035408125232947,71.54666666666667,0.8333,0.0,0,High Point Panthers
2026,WSU,0.17857142857142858,0.2,0.6151393675654759,UNKNOWN,1272,WBB,0.8805630981955438,64.90875,0.2188,0.0,0,Washington State Cougars
2026,CHAR,0.42857142857142855,0.4,0.537840356111451,AMER,1269,WBB,0.8845420377330544,69.6916129032258,0.4194,0.0,0,Charlotte 49ers
2026,BC,0.16666666666666666,0.1,0.584174570427444,ACC,1267,WBB,0.8858612488707804,67.80125,0.1562,0.0,0,Boston College Eagles
2026,CCAR,0.4666666666666667,0.5,0.5354390638964769,UNKNOWN,1267,WBB,0.9579240936097976,74.48903225806451,0.4516,0.0,0,Coastal Carolina Chanticleers
2026,CHAT,0.64,0.6,0.47226068589636805,UNKNOWN,1264,WBB,0.9415116583704479,61.072,0.7,0.0,0,Chattanooga Lady Mocs
2026,WYO,0.34615384615384615,0.5,0.5479574867023144,MWC,1264,WBB,0.8375628608679456,66.08,0.3462,0.0,0,Wyoming Cowboys
2026,UME,0.5862068965517241,0.8,0.5339010049987895,UNKNOWN,1263,WBB,0.9309826065452147,69.32000000000001,0.6071,0.0,0,Maine Black Bears
2026,SMU,0.3,0.1,0.5360013379553609,ACC,1262,WBB,0.835951422954675,72.57199999999999,0.3333,0.0,0,SMU Mustangs
2026,DUQ,0.4074074074074074,0.4,0.4988785987958401,A-10,1256,WBB,0.8736414986414985,72.1858064516129,0.4516,0.0,0,Duquesne Dukes
2026,NKU,0.5,0.6,0.5600303893637227,HL,1253,WBB,0.9217735579990242,73.50896551724139,0.4483,0.0,0,Northern Kentucky Norse
2026,PAC,0.38461538461538464,0.3,0.5675872903597041,UNKNOWN,1252,WBB,0.9192534274956313,76.56137931034482,0.3793,0.0,0,Pacific Tigers
2026,SBRK,0.5862068965517241,0.7,0.4697679611870594,UNKNOWN,1250,WBB,0.8858564535585042,66.32000000000001,0.5714,0.0,0,Stony Brook Seawolves
2026,UIC,0.5,0.6,0.46034456443939203,MVC,1247,WBB,0.966783359114223,65.50933333333333,0.4667,0.0,0,Illinois-Chicago Flames
2026,HOU,0.25,0.1,0.6356116956446688,BIG12,1246,WBB,0.8054293347894768,68.36933333333333,0.2667,0.0,0,Houston Cougars
2026,ETSU,0.5714285714285714,0.9,0.46813255366305767,UNKNOWN,1245,WBB,0.8422704957754787,65.46344827586208,0.5862,0.0,0,East Tennessee State Lady Buccaneers
2026,PITT,0.26666666666666666,0.0,0.504475659101105,ACC,1242,WBB,0.8317177555051577,70.54967741935484,0.2581,0.0,0,Pittsburgh Panthers
2026,SAMH,0.6,0.5,0.5429324251738045,UNKNOWN,1242,WBB,0.8609600654855872,73.29857142857144,0.6071,0.0,0,Sam Houston State Bearkats
2026,SOU,0.5833333333333334,0.7,0.4287681379922759,SWAC,1242,WBB,0.8686720621025683,74.51692307692308,0.6154,0.0,0,Southern Lady Jaguars
2026,FRES,0.4642857142857143,0.4,0.4682041561862762,MWC,1240,WBB,0.8537038758248907,74.2,0.4483,0.0,0,Fresno State Bulldogs
2026,ELON,0.5,0.6,0.5187922535815256,UNKNOWN,1228,WBB,0.9127851809068032,69.25428571428571,0.4643,0.0,0,Elon Phoenix
2026,TOW,0.5769230769230769,0.6,0.49554967790829857,UNKNOWN,1227,WBB,0.8996750609260764,72.94814814814815,0.5556,0.0,0,Towson Tigers
2026,SUU,0.68,0.6,0.491979250967257,UNKNOWN,1226,WBB,1.0082321214947587,70.45571428571428,0.7143,0.0,0,Southern Utah Thunderbirds
2026,RMU,0.64,0.5,0.4580311919742205,HL,1222,WBB,0.9204848982946374,67.13103448275862,0.6552,0.0,0,Robert Morris Colonials
2026,ALAM,0.6538461538461539,1.0,0.43532064553803684,SWAC,1217,WBB,0.8806535785288271,68.98285714285714,0.6786,0.0,0,Alabama A&amp;M Bulldogs
2026,ULM,0.46153846153846156,0.5,0.5270296039774948,UNKNOWN,1215,WBB,0.9181447405861709,78.09629629629629,0.5185,0.0,0,Louisiana-Monroe Warhawks
2026,NJIT,0.5925925925925926,0.5,0.5071583315790212,UNKNOWN,1213,WBB,0.9856358516177394,68.08137931034483,0.6897,0.0,0,NJIT Highlanders
2026,OHIO,0.5555555555555556,0.3,0.4930101025044124,MAC,1213,WBB,0.9299555842109033,82.72,0.5185,0.0,0,Ohio Bobcats
2026,LOYO,0.4230769230769231,0.5,0.541663781497999,UNKNOWN,1211,WBB,0.8313937433429326,69.92827586206897,0.4483,0.0,0,Loyola Chicago Ramblers
2026,WOFF,0.5925925925925926,0.8,0.49031348387670226,UNKNOWN,1206,WBB,0.9498152709359606,69.6,0.5714,0.0,0,Wofford Terriers
2026,XU,0.4074074074074074,0.1,0.5312237925264746,BIGEAST,1204,WBB,0.8473601472336183,71.94758620689655,0.3793,0.0,0,Xavier Musketeers
2026,ALB,0.4827586206896552,0.3,0.506476952657324,UNKNOWN,1195,WBB,0.9454132424667602,64.14428571428572,0.5,0.0,0,Albany Great Danes
2026,MERR,0.5833333333333334,0.7,0.45195865092351634,MAAC,1195,WBB,0.9273479564918874,76.3393103448276,0.6552,0.0,0,Merrimack Warriors
2026,STMN,0.6,0.8,0.45990640904434005,UNKNOWN,1194,WBB,0.9562327564584902,63.792,0.5333,0.0,0,Saint Thomas (Minn.) Tommies
2026,NCAT,0.4230769230769231,0.4,0.5630372245889487,UNKNOWN,1191,WBB,0.8649364406779662,72.61538461538461,0.3846,0.0,0,North Carolina A&amp;T Aggies
2026,APSU,0.5714285714285714,0.3,0.5014874137553182,UNKNOWN,1188,WBB,1.0074838417054088,65.32592592592593,0.5926,0.0,0,Austin Peay Governors
2026,SOMS,0.5,0.3,0.5010538205017113,UNKNOWN,1188,WBB,0.9978546830011856,73.2951724137931,0.5172,0.0,0,Southern Mississippi Lady Eagles
2026,CWM,0.5185185185185185,0.5,0.5001952439667422,UNKNOWN,1183,WBB,0.8742869679684072,70.12307692307692,0.5385,0.0,0,William &amp; Mary Tribe
2026,TTU,0.5769230769230769,0.5,0.48278901122291923,OVC,1182,WBB,0.9390979415235348,70.40307692307692,0.5385,0.0,0,Tennessee Tech Golden Eagles
2026,SLU,0.36666666666666664,0.1,0.5479077952918618,A-10,1181,WBB,0.8494816045497388,80.77032258064517,0.3226,0.0,0,Saint Louis Billikens
2026,WKU,0.2692307692307692,0.2,0.5267008518939553,C-USA,1181,WBB,0.854044037497275,67.95555555555555,0.2963,0.0,0,Western Kentucky Lady Toppers
2026,AFA,0.4642857142857143,0.5,0.48793094091944667,MWC,1180,WBB,0.8356426998709285,75.26285714285714,0.4286,0.0,0,Air Force Falcons
2026,FAU,0.44,0.5,0.4917458036854589,AMER,1177,WBB,0.8557701455617924,75.07857142857142,0.4286,0.0,0,Florida Atlantic Owls
2026,MEM,0.32142857142857145,0.2,0.5197264780534256,AMER,1177,WBB,0.8233828708873808,75.1032258064516,0.3226,0.0,0,Memphis Tigers
2026,JXST,0.5,0.4,0.50080814000814,C-USA,1166,WBB,0.9334483045212767,62.100645161290316,0.5161,0.0,0,Jacksonville State Gamecocks
2026,UVU,0.5,0.4,0.5183945187468426,UNKNOWN,1165,WBB,0.8665983561882753,73.3904,0.52,0.0,0,Utah Valley Wolverines
2026,BRY,0.6206896551724138,0.4,0.4314819137439827,UNKNOWN,1164,WBB,0.9332083005626475,66.116,0.6333,0.0,0,Bryant Bulldogs
2026,BONA,0.5333333333333333,0.4,0.47819917564269526,A-10,1163,WBB,0.9022556390977443,70.04666666666667,0.6,0.0,0,Saint Bonaventure Bonnies
2026,NAL,0.5357142857142857,0.6,0.5117866319258892,A-SUN,1156,WBB,0.8794305913824401,72.18620689655172,0.5862,0.0,0,North Alabama Lions
2026,UAB,0.37037037037037035,0.3,0.5144849393655759,AMER,1156,WBB,0.9378698224852071,67.6,0.3333,0.0,0,UAB Blazers
2026,NAU,0.3333333333333333,0.3,0.5486127136675862,BIGSKY,1155,WBB,0.9170734392777186,77.84857142857143,0.3571,0.0,0,Northern Arizona Lumberjacks
2026,EWU,0.44,0.4,0.5158162525338615,BIGSKY,1152,WBB,0.932922191726464,80.64266666666667,0.5333,0.0,0,Eastern Washington Eagles
2026,VCU,0.27586206896551724,0.2,0.5860153960629585,A-10,1152,WBB,0.8016177839851024,68.736,0.2667,0.0,0,Virginia Commonwealth Rams
2026,BING,0.6296296296296297,0.6,0.5024474646681543,UNKNOWN,1151,WBB,0.9692224622030238,63.86206896551724,0.6552,0.0,0,Binghamton Bearcats
2026,TRGV,0.5862068965517241,0.7,0.5221490566162674,SLC,1143,WBB,0.9296798546064589,69.06344827586207,0.5862,0.0,0,Texas-Rio Grande Valley Vaqueros
2026,SAC,0.4642857142857143,0.4,0.4749578479286702,BIGSKY,1141,WBB,0.8950151057401813,73.04827586206896,0.4138,0.0,0,Sacramento State Hornets
2026,MORE,0.5517241379310345,0.6,0.49708845341850266,OVC,1138,WBB,0.9179124049305011,68.88,0.5806,0.0,0,Morehead State Eagles
2026,UNCG,0.4642857142857143,0.2,0.47560207991242476,UNKNOWN,1136,WBB,0.9251852475581003,67.86285714285715,0.4643,0.0,0,UNC Greensboro Spartans
2026,WMU,0.36,0.4,0.45482338170556563,MAC,1136,WBB,0.8071452199801522,67.17777777777778,0.2963,0.0,0,Western Michigan Broncos
2026,DEL,0.4074074074074074,0.3,0.5050617246223476,C-USA,1134,WBB,0.8737527589792232,73.09466666666667,0.4,0.0,0,Delaware Blue Hens
2026,LONG,0.7037037037037037,0.6,0.47480149958598233,BIGSOUTH,1132,WBB,0.9689352948294638,79.78896551724138,0.6552,0.0,0,Longwood Lancers
2026,KENN,0.4,0.3,0.5142401340677203,UNKNOWN,1129,WBB,0.8609753367411664,79.41037037037037,0.4815,0.0,0,Kennesaw State Owls
2026,UMES,0.5517241379310345,0.7,0.48630095886800867,UNKNOWN,1129,WBB,0.8296328783144199,72.964,0.5333,0.0,0,Maryland-Eastern Shore Hawks
2026,CSF,0.6,0.8,0.46509447962221573,BIGWEST,1127,WBB,0.9045235212260314,81.97481481481482,0.5926,0.0,0,Cal State Fullerton Titans
2026,UTA,0.38461538461538464,0.4,0.5215892917741033,UNKNOWN,1127,WBB,0.8030682247870788,76.60275862068966,0.3448,0.0,0,Texas-Arlington Mavericks
2026,IUPUI,0.4642857142857143,0.6,0.49433379593193916,HL,1125,WBB,0.8909080464172188,72.0303448275862,0.4828,0.0,0,IU Indy Jaguars
2026,MERC,0.5714285714285714,0.4,0.4708009865171669,UNKNOWN,1125,WBB,0.9020418462016225,68.696,0.6,0.0,0,Mercer Bears
2026,FURM,0.6,0.7,0.5019253257841106,UNKNOWN,1122,WBB,0.9016032578787101,75.19172413793103,0.5517,0.0,0,Furman Paladins
2026,WGEO,0.6071428571428571,0.5,0.4430133279138584,A-SUN,1121,WBB,0.9699194235686063,73.75428571428571,0.6071,0.0,0,West Georgia Wolves
2026,APP,0.35714285714285715,0.2,0.5520630167015039,UNKNOWN,1119,WBB,0.9239393365726425,65.57379310344828,0.4138,0.0,0,Appalachian State Mountaineers
2026,IONA,0.6666666666666666,0.8,0.3907327776892994,MAAC,1119,WBB,0.8704012174306456,62.744516129032256,0.6774,0.0,0,Iona Gaels
2026,RAD,0.6071428571428571,0.8,0.46221422255905015,UNKNOWN,1117,WBB,0.8766526304175939,72.51066666666665,0.5333,0.0,0,Radford Highlanders
2026,UALR,0.46153846153846156,0.4,0.5518054679342684,UNKNOWN,1116,WBB,0.8602665311864937,70.58758620689655,0.5172,0.0,0,Arkansas-Little Rock Trojans
2026,UMBC,0.5185185185185185,0.6,0.5057602788031051,UNKNOWN,1115,WBB,0.8947055568081661,67.29241379310345,0.5517,0.0,0,Maryland-Baltimore County Retrievers
2026,EMU,0.44,0.4,0.5312754433731445,MAC,1113,WBB,0.9317373349143395,72.46518518518518,0.4444,0.0,0,Eastern Michigan Eagles
2026,UTEP,0.48148148148148145,0.4,0.48377175136485484,C-USA,1112,WBB,0.8891585421984183,70.81185185185186,0.5556,0.0,0,UTEP Miners
2026,SIE,0.48148148148148145,0.6,0.3883622443967272,MAAC,1106,WBB,0.8721666764115457,76.01333333333334,0.4074,0.0,0,Siena Saints
2026,MSM,0.48,0.5,0.4677817860300619,UNKNOWN,1105,WBB,0.8406476100106749,72.26571428571428,0.5,0.0,0,Mount Saint Mary`s Mountaineers
2026,FORD,0.38461538461538464,0.2,0.4839245477383408,A-10,1102,WBB,0.8444128691769005,70.37857142857142,0.3929,0.0,0,Fordham Rams
2026,UCR,0.36,0.4,0.539082998183448,BIGWEST,1099,WBB,0.8804444521969684,79.07448275862069,0.3793,0.0,0,UC Riverside Highlanders
2026,WICH,0.25,0.4,0.5418819324566451,AMER,1096,WBB,0.8334710971510442,72.58800000000001,0.2667,0.0,0,Wichita State Shockers
2026,NWSU,0.5185185185185185,0.5,0.5178599364542393,SLC,1094,WBB,0.9047795403575911,64.804,0.4667,0.0,0,Northwestern State Demons
2026,SAMF,0.42857142857142855,0.5,0.5264980983256845,UNKNOWN,1094,WBB,0.8731293583013399,61.881212121212116,0.4545,0.0,0,Samford Bulldogs
2026,NEV,0.2962962962962963,0.2,0.5549121062648914,MWC,1089,WBB,0.8213763908140711,71.18133333333334,0.3333,0.0,0,Nevada Wolf Pack
2026,MONT,0.2692307692307692,0.4,0.5506049204945757,BIGSKY,1088,WBB,0.8751125788051637,74.02222222222223,0.2222,0.0,0,Montana Lady Griz
2026,BUCK,0.34615384615384615,0.5,0.4912959713671858,PL,1085,WBB,0.8278373179444902,62.38285714285714,0.3571,0.0,0,Bucknell Bison
2026,GSU,0.32142857142857145,0.2,0.5516706553542354,UNKNOWN,1085,WBB,0.8999718758788787,73.56551724137931,0.3793,0.0,0,Georgia State Panthers
2026,LIP,0.32142857142857145,0.3,0.5163593543699645,A-SUN,1078,WBB,0.8765511589791618,73.21714285714286,0.3571,0.0,0,Lipscomb Bisons
2026,TXST,0.4074074074074074,0.4,0.498612055451655,UNKNOWN,1078,WBB,0.8548312528895053,77.25,0.3929,0.0,0,Texas State Bobcats
2026,MAN,0.2962962962962963,0.4,0.5361493759067195,MAAC,1077,WBB,0.8163265306122449,71.05,0.3571,0.0,0,Manhattan Lady Jaspers
2026,NMSU,0.36,0.3,0.5542333351029003,UNKNOWN,1075,WBB,0.7722289180047431,73.48857142857143,0.2857,0.0,0,New Mexico State Aggies
2026,TARL,0.44,0.4,0.5194110517723711,UNKNOWN,1067,WBB,0.8781872342019972,76.25285714285714,0.4286,0.0,0,Tarleton State Texans
2026,USA,0.4444444444444444,0.3,0.490062185815698,UNKNOWN,1058,WBB,0.8932973122202283,75.1274074074074,0.3704,0.0,0,South Alabama Jaguars
2026,ALC,0.5,0.8,0.4130290443911133,SWAC,1056,WBB,0.7943172667663638,69.544,0.56,0.0,0,Alcorn State Lady Braves
2026,WEB,0.2962962962962963,0.2,0.5613919134246471,BIGSKY,1055,WBB,0.8530032823900817,73.58615384615385,0.3077,0.0,0,Weber State Wildcats
2026,USD,0.3333333333333333,0.3,0.5242828469708912,UNKNOWN,1052,WBB,0.813204231418628,74.89290322580645,0.3226,0.0,0,San Diego Toreros
2026,OAK,0.3333333333333333,0.4,0.5298968464485706,HL,1039,WBB,0.8946750195771339,63.85,0.4062,0.0,0,Oakland Golden Grizzlies
2026,BUFF,0.11538461538461539,0.1,0.5241294710398159,MAC,1036,WBB,0.7986538537902553,71.95142857142858,0.1071,0.0,0,Buffalo Bulls
2026,DEN,0.3793103448275862,0.3,0.5554244252439385,SUMMIT,1036,WBB,0.869445864334261,72.85655172413793,0.4138,0.0,0,Denver Pioneers
2026,BU,0.34615384615384615,0.4,0.505628899469679,PL,1033,WBB,0.9429246085772635,64.83862068965517,0.3793,0.0,0,Boston University Terriers
2026,INCW,0.4230769230769231,0.3,0.5139669799308729,SLC,1032,WBB,0.9407366550223694,72.52,0.4815,0.0,0,Incarnate Word Cardinals
2026,SIUE,0.48148148148148145,0.5,0.4852588136639861,OVC,1018,WBB,0.9102398363787215,71.48551724137931,0.5517,0.0,0,SIU Edwardsville Cougars
2026,HOFS,0.24,0.3,0.5306903568972534,UNKNOWN,1016,WBB,0.8099951714147755,59.17142857142857,0.25,0.0,0,Hofstra Pride
2026,WRIG,0.32142857142857145,0.3,0.4610900134839127,HL,1014,WBB,0.9006637878733808,67.92969696969696,0.303,0.0,0,Wright State Raiders
2026,YALE,0.24,0.2,0.5447732382892803,UNKNOWN,1014,WBB,0.8321964529331514,70.368,0.28,0.0,0,Yale Bulldogs
2026,GRAM,0.39285714285714285,0.6,0.442855343634654,SWAC,1012,WBB,0.8384270763426622,78.76142857142858,0.3571,0.0,0,Grambling Lady Tigers
2026,JSU,0.4074074074074074,0.7,0.42834457982335966,SWAC,1012,WBB,0.8340263407275612,73.86714285714285,0.3929,0.0,0,Jackson State Lady Tigers
2026,NIU,0.2222222222222222,0.3,0.5060227119741807,MAC,1010,WBB,0.8228341609553904,67.21931034482759,0.2069,0.0,0,Northern Illinois Huskies
2026,SEMO,0.34615384615384615,0.4,0.5140850093804766,OVC,1010,WBB,0.9139668329619625,72.44714285714285,0.3929,0.0,0,Southeast Missouri State Redhawks
2026,CORN,0.32,0.1,0.563252438315844,UNKNOWN,1004,WBB,0.8544717573221757,63.73333333333333,0.2917,0.0,0,Cornell Big Red
2026,LMD,0.4444444444444444,0.4,0.4770298014742459,PL,1004,WBB,0.8623068432671082,62.12571428571429,0.3929,0.0,0,Loyola Maryland Greyhounds
2026,UTM,0.42857142857142855,0.2,0.5203876274035425,OVC,999,WBB,0.8843765221626887,70.38857142857144,0.4286,0.0,0,Tennessee-Martin Skyhawks
2026,SHU,0.48,0.6,0.39367222371720123,MAAC,990,WBB,0.8362091850278737,70.31733333333334,0.4,0.0,0,Sacred Heart Pioneers
2026,COPP,0.27586206896551724,0.4,0.5242901300380804,UNKNOWN,988,WBB,0.7507022839495402,76.41733333333333,0.3,0.0,0,Coppin State Eagles
2026,MCYH,0.4230769230769231,0.8,0.48135017526927343,NEC,986,WBB,0.9069019179004038,70.44740740740741,0.4444,0.0,0,Mercyhurst Lakers
2026,MAR,0.36666666666666664,0.4,0.5167512245098452,MAAC,981,WBB,0.8372262629846451,69.97655172413793,0.3448,0.0,0,Marist Red Foxes
2026,LAF,0.37037037037037035,0.3,0.46520207596197377,PL,979,WBB,0.8853504605160455,61.8496551724138,0.3103,0.0,0,Lafayette Leopards
2026,UTCH,0.34782608695652173,0.3,0.506737901409759,UNKNOWN,979,WBB,0.8645050940730274,79.68592592592593,0.3704,0.0,0,Utah Tech Trailblazers
2026,AKR,0.25,0.4,0.5462727237395673,MAC,973,WBB,0.9044216167932112,79.96428571428571,0.25,0.0,0,Akron Zips
2026,COLG,0.23076923076923078,0.1,0.5370483881380433,PL,973,WBB,0.7925685110839589,67.89925925925925,0.2222,0.0,0,Colgate Raiders
2026,NICH,0.4583333333333333,0.3,0.42865226767091047,SLC,972,WBB,0.8840083200783067,72.64888888888889,0.4444,0.0,0,Nicholls State Colonels
2026,UNH,0.37037037037037035,0.4,0.5068342076506472,UNKNOWN,962,WBB,0.8337580605845725,64.46714285714286,0.3214,0.0,0,New Hampshire Wildcats
2026,SIU,0.2916666666666667,0.4,0.4850800540455713,UNKNOWN,960,WBB,0.8993884158772034,71.47714285714287,0.3214,0.0,0,Southern Illinois Salukis
2026,INST,0.3103448275862069,0.3,0.45224828612600737,MVC,959,WBB,0.9315880797156382,79.148,0.3,0.0,0,Indiana State Sycamores
2026,LIU,0.625,0.7,0.3679860273825791,NEC,958,WBB,0.9627770411062702,72.81379310344828,0.6897,0.0,0,Long Island Sharks
2026,UND,0.2692307692307692,0.3,0.5644912100938435,UNKNOWN,952,WBB,0.8340451188263075,77.04387096774194,0.2258,0.0,0,North Dakota Fighting Hawks
2026,LBSU,0.18518518518518517,0.3,0.5383360106834908,BIGWEST,947,WBB,0.7978467286839621,74.17285714285715,0.1786,0.0,0,Long Beach State 49ers
2026,MILW,0.26666666666666666,0.1,0.4878272894775358,HL,942,WBB,0.8736619390005558,69.71375,0.2188,0.0,0,Milwaukee Panthers
2026,ULL,0.10714285714285714,0.2,0.5534970158759411,UNKNOWN,932,WBB,0.7774655178789335,77.26571428571428,0.1429,0.0,0,Louisiana-Lafayette Cajuns
2026,UMKC,0.21428571428571427,0.1,0.5427626687266867,SUMMIT,931,WBB,0.9338010868756048,74.11310344827587,0.2414,0.0,0,Missouri-Kansas City Kangaroos
2026,SELU,0.17857142857142858,0.3,0.5109708499885633,SLC,929,WBB,0.8470095377544588,65.56400000000001,0.2667,0.0,0,Southeastern Louisiana Lions
2026,EVAN,0.25,0.3,0.4638223879295308,MVC,923,WBB,0.8929043864754749,78.20275862068966,0.2069,0.0,0,Evansville Purple Aces
2026,DART,0.4,0.1,0.5271138382782561,UNKNOWN,922,WBB,0.8622804435286037,65.2224,0.4,0.0,0,Dartmouth Big Green
2026,NEBO,0.13333333333333333,0.2,0.5602797441328176,SUMMIT,914,WBB,0.7796182931220742,71.66451612903225,0.1935,0.0,0,Omaha Mavericks
2026,DET,0.19230769230769232,0.1,0.5135666371942234,HL,909,WBB,0.849556096873553,70.96142857142857,0.2143,0.0,0,Detroit Titans
2026,WINT,0.4827586206896552,0.4,0.4467145539890898,BIGSOUTH,909,WBB,0.8915373244641537,63.670588235294126,0.4412,0.0,0,Winthrop Eagles
2026,ALST,0.5,0.7,0.480149714665314,SWAC,898,WBB,0.7922279290628936,73.70714285714287,0.4643,0.0,0,Alabama State Lady Hornets
2026,TMCM,0.52,0.6,0.4691484205007423,SLC,897,WBB,0.886791347805716,73.17714285714285,0.5357,0.0,0,Texas A&amp;M-Commerce Lions
2026,HAMP,0.35714285714285715,0.2,0.5200350132625995,UNKNOWN,896,WBB,0.8700930797248078,69.55407407407408,0.3704,0.0,0,Hampton Pirates
2026,GWB,0.3793103448275862,0.5,0.4671131862808438,BIGSOUTH,894,WBB,0.8151830475628765,67.82000000000001,0.4286,0.0,0,Gardner-Webb Runnin Bulldogs
2026,EIU,0.12,0.2,0.5389597100106845,OVC,890,WBB,0.8081864356139826,66.94,0.1333,0.0,0,Eastern Illinois Panthers
2026,NU,0.25925925925925924,0.1,0.5075396097682177,UNKNOWN,887,WBB,0.8718713921624154,68.01037037037037,0.2593,0.0,0,Northeastern Huskies
2026,USU,0.2222222222222222,0.0,0.5099427608446176,MWC,875,WBB,0.8253851797505504,75.93857142857142,0.2143,0.0,0,Utah State Aggies
2026,QUNC,0.37037037037037035,0.3,0.4782795278795279,A-SUN,874,WBB,0.8185525571230658,73.21285714285715,0.3571,0.0,0,Queens (N.C.) Royals
2026,SPC,0.23076923076923078,0.3,0.5111695563695564,MAAC,872,WBB,0.780101459778445,68.99285714285715,0.25,0.0,0,Saint Peter`s Peacocks
2026,UNF,0.3076923076923077,0.2,0.5455878348981797,UNKNOWN,872,WBB,0.8574410975246048,71.85,0.3214,0.0,0,North Florida Ospreys
2026,STNH,0.37037037037037035,0.4,0.42600887484782074,NEC,862,WBB,0.8652457815227464,66.28999999999999,0.4286,0.0,0,Stonehill Skyhawks
2026,TSU,0.20833333333333334,0.3,0.5443749035128346,OVC,860,WBB,0.7850023240200382,72.61125,0.1875,0.0,0,Tennessee State Tigers
2026,CSN,0.3333333333333333,0.2,0.521541689472724,BIGWEST,855,WBB,0.8654670094258784,77.8,0.3704,0.0,0,Cal State Northridge Matadors
2026,UAPB,0.48,0.7,0.44222416073709175,SWAC,852,WBB,0.8012057750277646,67.87846153846154,0.4615,0.0,0,Arkansas-Pine Bluff Lady Golden Lions
2026,UNCW,0.2222222222222222,0.1,0.5156974227266005,UNKNOWN,850,WBB,0.8339041451314944,68.82428571428571,0.2143,0.0,0,UNC Wilmington Seahawks
2026,NCC,0.32,0.5,0.4917897520576826,UNKNOWN,849,WBB,0.7757100341698203,72.57866666666668,0.2667,0.0,0,North Carolina Central Eagles
2026,SJST,0.13793103448275862,0.2,0.5228868007562589,MWC,848,WBB,0.7495908346972177,81.46666666666667,0.1333,0.0,0,San Jose State Spartans
2026,CSUB,0.24,0.1,0.5142548500881834,BIGWEST,843,WBB,0.84193640893286,79.7057142857143,0.25,0.0,0,Cal State Bakersfield Roadrunners
2026,POST,0.24,0.1,0.5350322864615719,BIGSKY,842,WBB,0.8765032377428307,77.21428571428571,0.2143,0.0,0,Portland State Vikings
2026,LEMN,0.3793103448275862,0.6,0.4283331604082835,NEC,841,WBB,0.8391371156033605,60.74060606060606,0.3333,0.0,0,Le Moyne Dolphins
2026,NHV,0.2916666666666667,0.3,0.41994091157884256,NEC,838,WBB,0.8743100565696357,67.17384615384616,0.2692,0.0,0,New Haven Chargers
2026,POLY,0.1111111111111111,0.0,0.5597620198447785,BIGWEST,830,WBB,0.7767286018885167,75.03999999999999,0.1071,0.0,0,Cal Poly Mustangs
2026,RID,0.28,0.4,0.47922009739940774,MAAC,825,WBB,0.7797443461160275,70.13793103448276,0.2414,0.0,0,Rider Broncs
2026,CANI,0.14814814814814814,0.1,0.4757994543179728,MAAC,814,WBB,0.7762065785428834,74.35428571428572,0.1429,0.0,0,Canisius Golden Griffins
2026,SCU,0.37037037037037035,0.5,0.47782914403604054,UNKNOWN,813,WBB,0.8359305860171612,63.00363636363636,0.3333,0.0,0,South Carolina Upstate Spartans
2026,TAMC,0.2,0.2,0.4849870678772457,SLC,806,WBB,0.8096725719708953,69.76,0.2069,0.0,0,Texas A&amp;M-Corpus Christi Islanders
2026,WAG,0.4583333333333333,0.5,0.41452789228651293,NEC,787,WBB,0.7932797207156661,71.29333333333334,0.4444,0.0,0,Wagner Seahawks
2026,HCU,0.30434782608695654,0.3,0.5172173769792817,SLC,782,WBB,0.8283285595491084,77.30714285714285,0.2857,0.0,0,Houston Christian Huskies
2026,CHSO,0.2857142857142857,0.3,0.5365191745012945,BIGSOUTH,777,WBB,0.8482615381542947,71.53285714285714,0.2857,0.0,0,Charleston Southern Buccaneers
2026,FAMU,0.20833333333333334,0.2,0.5016002255282614,SWAC,776,WBB,0.7883784216423884,71.39428571428572,0.25,0.0,0,Florida A&amp;M Lady Rattlers
2026,UNCA,0.38461538461538464,0.4,0.46424336671712985,BIGSOUTH,774,WBB,0.8344970712595524,71.11448275862068,0.3793,0.0,0,UNC Asheville Bulldogs
2026,TXSO,0.3076923076923077,0.1,0.5104457356181494,SWAC,768,WBB,0.8341563205417608,81.00571428571428,0.3214,0.0,0,Texas Southern Lady Tigers
2026,UML,0.2857142857142857,0.2,0.48466821534287796,UNKNOWN,763,WBB,0.8593098474091103,63.38142857142857,0.3214,0.0,0,Massachusetts-Lowell River Hawks
2026,BELL,0.06896551724137931,0.0,0.5830664373028905,UNKNOWN,759,WBB,0.687026427647385,67.6375,0.0938,0.0,0,Bellarmine Knights
2026,CHIS,0.27586206896551724,0.5,0.4682473513148693,NEC,752,WBB,0.8250102485745163,74.02206896551725,0.2759,0.0,0,Chicago State Cougars
2026,AMER,0.2222222222222222,0.2,0.4924423740962694,PL,751,WBB,0.829897230885154,70.78074074074074,0.1852,0.0,0,American Eagles
2026,SEA,0.18518518518518517,0.0,0.5051629769974597,UNKNOWN,749,WBB,0.8322283831565414,73.74222222222222,0.1852,0.0,0,Seattle Redhawks
2026,BETH,0.18518518518518517,0.2,0.5101042590223,SWAC,746,WBB,0.7824843879316831,64.44121212121212,0.1818,0.0,0,Bethune-Cookman Wildcats
2026,MORG,0.1111111111111111,0.2,0.5335396909603806,UNKNOWN,731,WBB,0.7646673600677991,71.61103448275863,0.1379,0.0,0,Morgan State Bears
2026,VALP,0.0,0.0,0.48624073788186173,MVC,726,WBB,0.7157369782046547,77.34285714285714,0.0,0.0,0,Valparaiso Beacons
2026,MVSU,0.20833333333333334,0.3,0.46862058090668585,SWAC,708,WBB,0.742200385423358,85.33185185185185,0.2593,0.0,0,Mississippi Valley State Devilettes
2026,WCAR,0.12,0.0,0.5361038705866292,UNKNOWN,702,WBB,0.7982120051085568,65.88,0.1034,0.0,0,Western Carolina Catamounts
2026,UNO,0.11538461538461539,0.2,0.5349323198655113,SLC,694,WBB,0.7733124565066111,82.11428571428571,0.1071,0.0,0,New Orleans Privateers
2026,NIAG,0.0,0.0,0.5168422494491459,MAAC,674,WBB,0.6780459709932457,81.85285714285715,0.0714,0.0,0,Niagara Purple Eagles
2026,DEST,0.2692307692307692,0.4,0.4397137296293363,UNKNOWN,654,WBB,0.7816716978868875,74.10518518518518,0.2593,0.0,0,Delaware State Hornets
2026,SFPA,0.11538461538461539,0.2,0.4313411898446381,NEC,623,WBB,0.7881193383595724,70.20933333333332,0.1,0.0,0,Saint Francis (PA) Red Flash
2026,CCSU,0.037037037037037035,0.1,0.44312902884520916,NEC,574,WBB,0.7355783686267772,68.98074074074074,0.037,0.0,0,Central Connecticut Blue Devils
2026,PVAM,0.08,0.0,0.5034686896397976,SWAC,555,WBB,0.7212863103203967,70.0855172413793,0.069,0.0,0,Prairie View Lady Panthers
2026,PRES,0.1111111111111111,0.1,0.5044136246894868,BIGSOUTH,544,WBB,0.7289416846652269,69.30064516129032,0.129,0.0,0,Presbyterian Blue Hose
2026,SCST,0.16,0.1,0.45962822007799514,UNKNOWN,471,WBB,0.7342783350351372,76.84153846153846,0.1923,0.0,0,South Carolina State Bulldogs
